Workbook

Sheet enrollments (5)
A1: account_key | B1: status | C1: join_date | D1: cancel_date | E1: days_to_cancel | F1: is_udacity | G1: is_canceled
A2: 448 | B2: canceled | C2: 41953 | D2: 42018 | E2: 65 | F2: TRUE | G2: TRUE
A3: 448 | B3: canceled | C3: 41948 | D3: 41953 | E3: 5 | F3: TRUE | G3: TRUE
A4: 448 | B4: canceled | C4: 42031 | D4: 42031 | E4: 0 | F4: TRUE | G4: TRUE
A5: 448 | B5: canceled | C5: 41953 | D5: 41953 | E5: 0 | F5: TRUE | G5: TRUE
A6: 448 | B6: current | C6: 42073 | F6: TRUE | G6: FALSE
A7: 448 | B7: canceled | C7: 42018 | D7: 42031 | E7: 13 | F7: TRUE | G7: TRUE
A8: 448 | B8: canceled | C8: 42031 | D8: 42073 | E8: 42 | F8: TRUE | G8: TRUE
A9: 448 | B9: canceled | C9: 42031 | D9: 42031 | E9: 0 | F9: TRUE | G9: TRUE
A10: 448 | B10: canceled | C10: 42031 | D10: 42031 | E10: 0 | F10: TRUE | G10: TRUE
A11: 700 | B11: canceled | C11: 41953 | D11: 41959 | E11: 6 | F11: FALSE | G11: TRUE
A12: 429 | B12: canceled | C12: 41953 | D12: 42073 | E12: 120 | F12: FALSE | G12: TRUE
A13: 429 | B13: canceled | C13: 42073 | D13: 42172 | E13: 99 | F13: FALSE | G13: TRUE
A14: 60 | B14: canceled | C14: 41953 | D14: 42018 | E14: 65 | F14: FALSE | G14: TRUE
A15: 60 | B15: canceled | C15: 42018 | D15: 42095 | E15: 77 | F15: FALSE | G15: TRUE
A16: 60 | B16: current | C16: 42095 | F16: FALSE | G16: FALSE
A17: 1300 | B17: canceled | C17: 41953 | D17: 41959 | E17: 6 | F17: FALSE | G17: TRUE
A18: 369 | B18: current | C18: 41953 | F18: FALSE | G18: FALSE
A19: 322 | B19: canceled | C19: 41953 | D19: 42037 | E19: 84 | F19: FALSE | G19: TRUE
A20: 322 | B20: canceled | C20: 42047 | D20: 42047 | E20: 0 | F20: FALSE | G20: TRUE
A21: 322 | B21: canceled | C21: 42047 | D21: 42073 | E21: 26 | F21: FALSE | G21: TRUE
A22: 322 | B22: current | C22: 42073 | F22: FALSE | G22: FALSE
A23: 336 | B23: current | C23: 41953 | F23: FALSE | G23: FALSE
A24: 553 | B24: current | C24: 41953 | F24: FALSE | G24: FALSE
A25: 584 | B25: canceled | C25: 41953 | D25: 42018 | E25: 65 | F25: FALSE | G25: TRUE
A26: 584 | B26: canceled | C26: 42018 | D26: 42073 | E26: 55 | F26: FALSE | G26: TRUE
A27: 584 | B27: current | C27: 42073 | F27: FALSE | G27: FALSE
A28: 1006 | B28: canceled | C28: 41953 | D28: 41960 | E28: 7 | F28: FALSE | G28: TRUE
A29: 458 | B29: canceled | C29: 41953 | D29: 42095 | E29: 142 | F29: FALSE | G29: TRUE
A30: 458 | B30: canceled | C30: 42098 | D30: 42100 | E30: 2 | F30: FALSE | G30: TRUE
A31: 458 | B31: current | C31: 42100 | F31: FALSE | G31: FALSE
A32: 1058 | B32: canceled | C32: 41953 | D32: 42018 | E32: 65 | F32: FALSE | G32: TRUE
A33: 1058 | B33: canceled | C33: 42018 | D33: 42073 | E33: 55 | F33: FALSE | G33: TRUE
A34: 1058 | B34: current | C34: 42073 | F34: FALSE | G34: FALSE
A35: 206 | B35: current | C35: 41953 | F35: FALSE | G35: FALSE
A36: 45 | B36: canceled | C36: 41953 | D36: 42073 | E36: 120 | F36: FALSE | G36: TRUE
A37: 45 | B37: current | C37: 42073 | F37: FALSE | G37: FALSE
A38: 315 | B38: canceled | C38: 41953 | D38: 42141 | E38: 188 | F38: FALSE | G38: TRUE
A39: 604 | B39: current | C39: 41953 | F39: FALSE | G39: FALSE
A40: 204 | B40: current | C40: 41953 | F40: FALSE | G40: FALSE
A41: 408 | B41: canceled | C41: 41953 | D41: 42073 | E41: 120 | F41: FALSE | G41: TRUE
A42: 408 | B42: canceled | C42: 42073 | D42: 42095 | E42: 22 | F42: FALSE | G42: TRUE
A43: 408 | B43: canceled | C43: 42095 | D43: 42111 | E43: 16 | F43: FALSE | G43: TRUE
A44: 51 | B44: canceled | C44: 41953 | D44: 42073 | E44: 120 | F44: FALSE | G44: TRUE
A45: 51 | B45: canceled | C45: 42073 | D45: 42172 | E45: 99 | F45: FALSE | G45: TRUE
A46: 323 | B46: canceled | C46: 41953 | D46: 42111 | E46: 158 | F46: FALSE | G46: TRUE
A47: 568 | B47: current | C47: 41953 | F47: FALSE | G47: FALSE
A48: 130 | B48: canceled | C48: 41953 | D48: 42073 | E48: 120 | F48: FALSE | G48: TRUE
A49: 130 | B49: canceled | C49: 42073 | D49: 42095 | E49: 22 | F49: FALSE | G49: TRUE
A50: 130 | B50: canceled | C50: 42095 | D50: 42172 | E50: 77 | F50: FALSE | G50: TRUE
A51: 550 | B51: canceled | C51: 41953 | D51: 42126 | E51: 173 | F51: FALSE | G51: TRUE
A52: 550 | B52: canceled | C52: 42152 | D52: 42189 | E52: 37 | F52: FALSE | G52: TRUE
A53: 44 | B53: canceled | C53: 41953 | D53: 42073 | E53: 120 | F53: FALSE | G53: TRUE
A54: 44 | B54: current | C54: 42073 | F54: FALSE | G54: FALSE
A55: 1020 | B55: canceled | C55: 41953 | D55: 41958 | E55: 5 | F55: FALSE | G55: TRUE
A56: 838 | B56: canceled | C56: 41953 | D56: 41954 | E56: 1 | F56: FALSE | G56: TRUE
A57: 198 | B57: current | C57: 41953 | F57: FALSE | G57: FALSE
A58: 368 | B58: current | C58: 41953 | F58: FALSE | G58: FALSE
A59: 440 | B59: canceled | C59: 41954 | D59: 42053 | E59: 99 | F59: FALSE | G59: TRUE
A60: 675 | B60: canceled | C60: 41954 | D60: 41959 | E60: 5 | F60: FALSE | G60: TRUE
A61: 57 | B61: canceled | C61: 41954 | D61: 42053 | E61: 99 | F61: FALSE | G61: TRUE
A62: 57 | B62: current | C62: 42130 | F62: FALSE | G62: FALSE
A63: 1090 | B63: canceled | C63: 41954 | D63: 41969 | E63: 15 | F63: FALSE | G63: TRUE
A64: 541 | B64: canceled | C64: 41955 | D64: 42174 | E64: 219 | F64: FALSE | G64: TRUE
A65: 756 | B65: canceled | C65: 41955 | D65: 41958 | E65: 3 | F65: FALSE | G65: TRUE
A66: 756 | B66: canceled | C66: 41958 | D66: 42019 | E66: 61 | F66: FALSE | G66: TRUE
A67: 1219 | B67: canceled | C67: 41955 | D67: 41955 | E67: 0 | F67: FALSE | G67: TRUE
A68: 101 | B68: canceled | C68: 41955 | D68: 42114 | E68: 159 | F68: FALSE | G68: TRUE
A69: 1021 | B69: canceled | C69: 41955 | D69: 41960 | E69: 5 | F69: FALSE | G69: TRUE
A70: 1108 | B70: canceled | C70: 41955 | D70: 41959 | E70: 4 | F70: FALSE | G70: TRUE
A71: 800 | B71: canceled | C71: 41955 | D71: 41957 | E71: 2 | F71: FALSE | G71: TRUE
A72: 800 | B72: canceled | C72: 42067 | D72: 42135 | E72: 68 | F72: FALSE | G72: TRUE
A73: 702 | B73: canceled | C73: 41956 | D73: 41958 | E73: 2 | F73: FALSE | G73: TRUE
A74: 702 | B74: canceled | C74: 41958 | D74: 42018 | E74: 60 | F74: FALSE | G74: TRUE
A75: 702 | B75: canceled | C75: 42018 | D75: 42073 | E75: 55 | F75: FALSE | G75: TRUE
A76: 702 | B76: current | C76: 42073 | F76: FALSE | G76: FALSE
A77: 871 | B77: canceled | C77: 41956 | D77: 41956 | E77: 0 | F77: FALSE | G77: TRUE
A78: 38 | B78: current | C78: 41957 | F78: FALSE | G78: FALSE
A79: 215 | B79: current | C79: 41957 | F79: FALSE | G79: FALSE
A80: 744 | B80: canceled | C80: 41957 | D80: 41994 | E80: 37 | F80: FALSE | G80: TRUE
A81: 217 | B81: canceled | C81: 41957 | D81: 41958 | E81: 1 | F81: FALSE | G81: TRUE
A82: 217 | B82: canceled | C82: 41958 | D82: 42073 | E82: 115 | F82: FALSE | G82: TRUE
A83: 217 | B83: current | C83: 42073 | F83: FALSE | G83: FALSE
A84: 1221 | B84: canceled | C84: 41957 | D84: 41964 | E84: 7 | F84: FALSE | G84: TRUE
A85: 1211 | B85: canceled | C85: 41957 | D85: 41958 | E85: 1 | F85: FALSE | G85: TRUE
A86: 1211 | B86: canceled | C86: 41958 | D86: 42019 | E86: 61 | F86: FALSE | G86: TRUE
A87: 1211 | B87: current | C87: 42069 | F87: FALSE | G87: FALSE
A88: 1051 | B88: canceled | C88: 41957 | D88: 41959 | E88: 2 | F88: FALSE | G88: TRUE
A89: 1286 | B89: canceled | C89: 41957 | D89: 41964 | E89: 7 | F89: FALSE | G89: TRUE
A90: 53 | B90: canceled | C90: 41957 | D90: 41994 | E90: 37 | F90: FALSE | G90: TRUE
A91: 53 | B91: current | C91: 42135 | F91: FALSE | G91: FALSE
A92: 895 | B92: canceled | C92: 41957 | D92: 41962 | E92: 5 | F92: FALSE | G92: TRUE
A93: 895 | B93: canceled | C93: 41954 | D93: 41954 | E93: 0 | F93: FALSE | G93: TRUE
A94: 283 | B94: current | C94: 41958 | F94: FALSE | G94: FALSE
A95: 283 | B95: canceled | C95: 41956 | D95: 41958 | E95: 2 | F95: FALSE | G95: TRUE
A96: 338 | B96: canceled | C96: 41958 | D96: 42018 | E96: 60 | F96: FALSE | G96: TRUE
A97: 338 | B97: canceled | C97: 42018 | D97: 42038 | E97: 20 | F97: FALSE | G97: TRUE
A98: 338 | B98: canceled | C98: 42038 | D98: 42057 | E98: 19 | F98: FALSE | G98: TRUE
A99: 338 | B99: current | C99: 42135 | F99: FALSE | G99: FALSE
A100: 579 | B100: current | C100: 41958 | F100: FALSE | G100: FALSE
...

Sheet CLEAN DATA
A1: =PROPER(TRIM('enrollments (5)'!A1)) -> Account_Key | B1: =PROPER(TRIM('enrollments (5)'!B1)) -> Status | C1: =PROPER(TRIM('enrollments (5)'!C1)) -> Join_Date | D1: =PROPER(TRIM('enrollments (5)'!D1)) -> Cancel_Date | E1: =PROPER(TRIM('enrollments (5)'!E1)) -> Days_To_Cancel | F1: =PROPER(TRIM('enrollments (5)'!F1)) -> Is_Udacity | G1: =PROPER(TRIM('enrollments (5)'!G1)) -> Is_Canceled
A2: =TRIM('enrollments (5)'!A2) -> 448 | B2: =PROPER(TRIM('enrollments (5)'!B2)) -> Canceled | C2: 41953 | D2: 42018 | E2: =IF(D2="","",D2-C2) -> 65 | F2: TRUE | G2: =B2="canceled" -> TRUE
A3: =TRIM('enrollments (5)'!A3) -> 448 | B3: =PROPER(TRIM('enrollments (5)'!B3)) -> Canceled | C3: 41948 | D3: 41953 | E3: =IF(D3="","",D3-C3) -> 5 | F3: TRUE | G3: =B3="canceled" -> TRUE
A4: =TRIM('enrollments (5)'!A4) -> 448 | B4: =PROPER(TRIM('enrollments (5)'!B4)) -> Canceled | C4: 42031 | D4: 42031 | E4: =IF(D4="","",D4-C4) -> 0 | F4: TRUE | G4: =B4="canceled" -> TRUE
A5: =TRIM('enrollments (5)'!A5) -> 448 | B5: =PROPER(TRIM('enrollments (5)'!B5)) -> Canceled | C5: 41953 | D5: 41953 | E5: =IF(D5="","",D5-C5) -> 0 | F5: TRUE | G5: =B5="canceled" -> TRUE
A6: =TRIM('enrollments (5)'!A6) -> 448 | B6: =PROPER(TRIM('enrollments (5)'!B6)) -> Current | C6: 42073 | E6: =IF(D6="","",D6-C6) | F6: TRUE | G6: =B6="canceled" -> FALSE
A7: =TRIM('enrollments (5)'!A7) -> 448 | B7: =PROPER(TRIM('enrollments (5)'!B7)) -> Canceled | C7: 42018 | D7: 42031 | E7: =IF(D7="","",D7-C7) -> 13 | F7: TRUE | G7: =B7="canceled" -> TRUE
A8: =TRIM('enrollments (5)'!A8) -> 448 | B8: =PROPER(TRIM('enrollments (5)'!B8)) -> Canceled | C8: 42031 | D8: 42073 | E8: =IF(D8="","",D8-C8) -> 42 | F8: TRUE | G8: =B8="canceled" -> TRUE
A9: =TRIM('enrollments (5)'!A11) -> 700 | B9: =PROPER(TRIM('enrollments (5)'!B11)) -> Canceled | C9: 41953 | D9: 41959 | E9: =IF(D9="","",D9-C9) -> 6 | F9: FALSE | G9: =B9="canceled" -> TRUE
A10: =TRIM('enrollments (5)'!A12) -> 429 | B10: =PROPER(TRIM('enrollments (5)'!B12)) -> Canceled | C10: 41953 | D10: 42073 | E10: =IF(D10="","",D10-C10) -> 120 | F10: FALSE | G10: =B10="canceled" -> TRUE
A11: =TRIM('enrollments (5)'!A13) -> 429 | B11: =PROPER(TRIM('enrollments (5)'!B13)) -> Canceled | C11: 42073 | D11: 42172 | E11: =IF(D11="","",D11-C11) -> 99 | F11: FALSE | G11: =B11="canceled" -> TRUE
A12: =TRIM('enrollments (5)'!A14) -> 60 | B12: =PROPER(TRIM('enrollments (5)'!B14)) -> Canceled | C12: 41953 | D12: 42018 | E12: =IF(D12="","",D12-C12) -> 65 | F12: FALSE | G12: =B12="canceled" -> TRUE
A13: =TRIM('enrollments (5)'!A15) -> 60 | B13: =PROPER(TRIM('enrollments (5)'!B15)) -> Canceled | C13: 42018 | D13: 42095 | E13: =IF(D13="","",D13-C13) -> 77 | F13: FALSE | G13: =B13="canceled" -> TRUE
A14: =TRIM('enrollments (5)'!A16) -> 60 | B14: =PROPER(TRIM('enrollments (5)'!B16)) -> Current | C14: 42095 | E14: =IF(D14="","",D14-C14) | F14: FALSE | G14: =B14="canceled" -> FALSE
A15: =TRIM('enrollments (5)'!A17) -> 1300 | B15: =PROPER(TRIM('enrollments (5)'!B17)) -> Canceled | C15: 41953 | D15: 41959 | E15: =IF(D15="","",D15-C15) -> 6 | F15: FALSE | G15: =B15="canceled" -> TRUE
A16: =TRIM('enrollments (5)'!A18) -> 369 | B16: =PROPER(TRIM('enrollments (5)'!B18)) -> Current | C16: 41953 | E16: =IF(D16="","",D16-C16) | F16: FALSE | G16: =B16="canceled" -> FALSE
A17: =TRIM('enrollments (5)'!A19) -> 322 | B17: =PROPER(TRIM('enrollments (5)'!B19)) -> Canceled | C17: 41953 | D17: 42037 | E17: =IF(D17="","",D17-C17) -> 84 | F17: FALSE | G17: =B17="canceled" -> TRUE
A18: =TRIM('enrollments (5)'!A20) -> 322 | B18: =PROPER(TRIM('enrollments (5)'!B20)) -> Canceled | C18: 42047 | D18: 42047 | E18: =IF(D18="","",D18-C18) -> 0 | F18: FALSE | G18: =B18="canceled" -> TRUE
A19: =TRIM('enrollments (5)'!A21) -> 322 | B19: =PROPER(TRIM('enrollments (5)'!B21)) -> Canceled | C19: 42047 | D19: 42073 | E19: =IF(D19="","",D19-C19) -> 26 | F19: FALSE | G19: =B19="canceled" -> TRUE
A20: =TRIM('enrollments (5)'!A22) -> 322 | B20: =PROPER(TRIM('enrollments (5)'!B22)) -> Current | C20: 42073 | E20: =IF(D20="","",D20-C20) | F20: FALSE | G20: =B20="canceled" -> FALSE
A21: =TRIM('enrollments (5)'!A23) -> 336 | B21: =PROPER(TRIM('enrollments (5)'!B23)) -> Current | C21: 41953 | E21: =IF(D21="","",D21-C21) | F21: FALSE | G21: =B21="canceled" -> FALSE
A22: =TRIM('enrollments (5)'!A24) -> 553 | B22: =PROPER(TRIM('enrollments (5)'!B24)) -> Current | C22: 41953 | E22: =IF(D22="","",D22-C22) | F22: FALSE | G22: =B22="canceled" -> FALSE
A23: =TRIM('enrollments (5)'!A25) -> 584 | B23: =PROPER(TRIM('enrollments (5)'!B25)) -> Canceled | C23: 41953 | D23: 42018 | E23: =IF(D23="","",D23-C23) -> 65 | F23: FALSE | G23: =B23="canceled" -> TRUE
A24: =TRIM('enrollments (5)'!A26) -> 584 | B24: =PROPER(TRIM('enrollments (5)'!B26)) -> Canceled | C24: 42018 | D24: 42073 | E24: =IF(D24="","",D24-C24) -> 55 | F24: FALSE | G24: =B24="canceled" -> TRUE
A25: =TRIM('enrollments (5)'!A27) -> 584 | B25: =PROPER(TRIM('enrollments (5)'!B27)) -> Current | C25: 42073 | E25: =IF(D25="","",D25-C25) | F25: FALSE | G25: =B25="canceled" -> FALSE
A26: =TRIM('enrollments (5)'!A28) -> 1006 | B26: =PROPER(TRIM('enrollments (5)'!B28)) -> Canceled | C26: 41953 | D26: 41960 | E26: =IF(D26="","",D26-C26) -> 7 | F26: FALSE | G26: =B26="canceled" -> TRUE
A27: =TRIM('enrollments (5)'!A29) -> 458 | B27: =PROPER(TRIM('enrollments (5)'!B29)) -> Canceled | C27: 41953 | D27: 42095 | E27: =IF(D27="","",D27-C27) -> 142 | F27: FALSE | G27: =B27="canceled" -> TRUE
A28: =TRIM('enrollments (5)'!A30) -> 458 | B28: =PROPER(TRIM('enrollments (5)'!B30)) -> Canceled | C28: 42098 | D28: 42100 | E28: =IF(D28="","",D28-C28) -> 2 | F28: FALSE | G28: =B28="canceled" -> TRUE
A29: =TRIM('enrollments (5)'!A31) -> 458 | B29: =PROPER(TRIM('enrollments (5)'!B31)) -> Current | C29: 42100 | E29: =IF(D29="","",D29-C29) | F29: FALSE | G29: =B29="canceled" -> FALSE
A30: =TRIM('enrollments (5)'!A32) -> 1058 | B30: =PROPER(TRIM('enrollments (5)'!B32)) -> Canceled | C30: 41953 | D30: 42018 | E30: =IF(D30="","",D30-C30) -> 65 | F30: FALSE | G30: =B30="canceled" -> TRUE
A31: =TRIM('enrollments (5)'!A33) -> 1058 | B31: =PROPER(TRIM('enrollments (5)'!B33)) -> Canceled | C31: 42018 | D31: 42073 | E31: =IF(D31="","",D31-C31) -> 55 | F31: FALSE | G31: =B31="canceled" -> TRUE
A32: =TRIM('enrollments (5)'!A34) -> 1058 | B32: =PROPER(TRIM('enrollments (5)'!B34)) -> Current | C32: 42073 | E32: =IF(D32="","",D32-C32) | F32: FALSE | G32: =B32="canceled" -> FALSE
A33: =TRIM('enrollments (5)'!A35) -> 206 | B33: =PROPER(TRIM('enrollments (5)'!B35)) -> Current | C33: 41953 | E33: =IF(D33="","",D33-C33) | F33: FALSE | G33: =B33="canceled" -> FALSE
A34: =TRIM('enrollments (5)'!A36) -> 45 | B34: =PROPER(TRIM('enrollments (5)'!B36)) -> Canceled | C34: 41953 | D34: 42073 | E34: =IF(D34="","",D34-C34) -> 120 | F34: FALSE | G34: =B34="canceled" -> TRUE
A35: =TRIM('enrollments (5)'!A37) -> 45 | B35: =PROPER(TRIM('enrollments (5)'!B37)) -> Current | C35: 42073 | E35: =IF(D35="","",D35-C35) | F35: FALSE | G35: =B35="canceled" -> FALSE
A36: =TRIM('enrollments (5)'!A38) -> 315 | B36: =PROPER(TRIM('enrollments (5)'!B38)) -> Canceled | C36: 41953 | D36: 42141 | E36: =IF(D36="","",D36-C36) -> 188 | F36: FALSE | G36: =B36="canceled" -> TRUE
A37: =TRIM('enrollments (5)'!A39) -> 604 | B37: =PROPER(TRIM('enrollments (5)'!B39)) -> Current | C37: 41953 | E37: =IF(D37="","",D37-C37) | F37: FALSE | G37: =B37="canceled" -> FALSE
A38: =TRIM('enrollments (5)'!A40) -> 204 | B38: =PROPER(TRIM('enrollments (5)'!B40)) -> Current | C38: 41953 | E38: =IF(D38="","",D38-C38) | F38: FALSE | G38: =B38="canceled" -> FALSE
A39: =TRIM('enrollments (5)'!A41) -> 408 | B39: =PROPER(TRIM('enrollments (5)'!B41)) -> Canceled | C39: 41953 | D39: 42073 | E39: =IF(D39="","",D39-C39) -> 120 | F39: FALSE | G39: =B39="canceled" -> TRUE
A40: =TRIM('enrollments (5)'!A42) -> 408 | B40: =PROPER(TRIM('enrollments (5)'!B42)) -> Canceled | C40: 42073 | D40: 42095 | E40: =IF(D40="","",D40-C40) -> 22 | F40: FALSE | G40: =B40="canceled" -> TRUE
A41: =TRIM('enrollments (5)'!A43) -> 408 | B41: =PROPER(TRIM('enrollments (5)'!B43)) -> Canceled | C41: 42095 | D41: 42111 | E41: =IF(D41="","",D41-C41) -> 16 | F41: FALSE | G41: =B41="canceled" -> TRUE
A42: =TRIM('enrollments (5)'!A44) -> 51 | B42: =PROPER(TRIM('enrollments (5)'!B44)) -> Canceled | C42: 41953 | D42: 42073 | E42: =IF(D42="","",D42-C42) -> 120 | F42: FALSE | G42: =B42="canceled" -> TRUE
A43: =TRIM('enrollments (5)'!A45) -> 51 | B43: =PROPER(TRIM('enrollments (5)'!B45)) -> Canceled | C43: 42073 | D43: 42172 | E43: =IF(D43="","",D43-C43) -> 99 | F43: FALSE | G43: =B43="canceled" -> TRUE
A44: =TRIM('enrollments (5)'!A46) -> 323 | B44: =PROPER(TRIM('enrollments (5)'!B46)) -> Canceled | C44: 41953 | D44: 42111 | E44: =IF(D44="","",D44-C44) -> 158 | F44: FALSE | G44: =B44="canceled" -> TRUE
A45: =TRIM('enrollments (5)'!A47) -> 568 | B45: =PROPER(TRIM('enrollments (5)'!B47)) -> Current | C45: 41953 | E45: =IF(D45="","",D45-C45) | F45: FALSE | G45: =B45="canceled" -> FALSE
A46: =TRIM('enrollments (5)'!A48) -> 130 | B46: =PROPER(TRIM('enrollments (5)'!B48)) -> Canceled | C46: 41953 | D46: 42073 | E46: =IF(D46="","",D46-C46) -> 120 | F46: FALSE | G46: =B46="canceled" -> TRUE
A47: =TRIM('enrollments (5)'!A49) -> 130 | B47: =PROPER(TRIM('enrollments (5)'!B49)) -> Canceled | C47: 42073 | D47: 42095 | E47: =IF(D47="","",D47-C47) -> 22 | F47: FALSE | G47: =B47="canceled" -> TRUE
A48: =TRIM('enrollments (5)'!A50) -> 130 | B48: =PROPER(TRIM('enrollments (5)'!B50)) -> Canceled | C48: 42095 | D48: 42172 | E48: =IF(D48="","",D48-C48) -> 77 | F48: FALSE | G48: =B48="canceled" -> TRUE
A49: =TRIM('enrollments (5)'!A51) -> 550 | B49: =PROPER(TRIM('enrollments (5)'!B51)) -> Canceled | C49: 41953 | D49: 42126 | E49: =IF(D49="","",D49-C49) -> 173 | F49: FALSE | G49: =B49="canceled" -> TRUE
A50: =TRIM('enrollments (5)'!A52) -> 550 | B50: =PROPER(TRIM('enrollments (5)'!B52)) -> Canceled | C50: 42152 | D50: 42189 | E50: =IF(D50="","",D50-C50) -> 37 | F50: FALSE | G50: =B50="canceled" -> TRUE
A51: =TRIM('enrollments (5)'!A53) -> 44 | B51: =PROPER(TRIM('enrollments (5)'!B53)) -> Canceled | C51: 41953 | D51: 42073 | E51: =IF(D51="","",D51-C51) -> 120 | F51: FALSE | G51: =B51="canceled" -> TRUE
A52: =TRIM('enrollments (5)'!A54) -> 44 | B52: =PROPER(TRIM('enrollments (5)'!B54)) -> Current | C52: 42073 | E52: =IF(D52="","",D52-C52) | F52: FALSE | G52: =B52="canceled" -> FALSE
A53: =TRIM('enrollments (5)'!A55) -> 1020 | B53: =PROPER(TRIM('enrollments (5)'!B55)) -> Canceled | C53: 41953 | D53: 41958 | E53: =IF(D53="","",D53-C53) -> 5 | F53: FALSE | G53: =B53="canceled" -> TRUE
A54: =TRIM('enrollments (5)'!A56) -> 838 | B54: =PROPER(TRIM('enrollments (5)'!B56)) -> Canceled | C54: 41953 | D54: 41954 | E54: =IF(D54="","",D54-C54) -> 1 | F54: FALSE | G54: =B54="canceled" -> TRUE
A55: =TRIM('enrollments (5)'!A57) -> 198 | B55: =PROPER(TRIM('enrollments (5)'!B57)) -> Current | C55: 41953 | E55: =IF(D55="","",D55-C55) | F55: FALSE | G55: =B55="canceled" -> FALSE
A56: =TRIM('enrollments (5)'!A58) -> 368 | B56: =PROPER(TRIM('enrollments (5)'!B58)) -> Current | C56: 41953 | E56: =IF(D56="","",D56-C56) | F56: FALSE | G56: =B56="canceled" -> FALSE
A57: =TRIM('enrollments (5)'!A59) -> 440 | B57: =PROPER(TRIM('enrollments (5)'!B59)) -> Canceled | C57: 41954 | D57: 42053 | E57: =IF(D57="","",D57-C57) -> 99 | F57: FALSE | G57: =B57="canceled" -> TRUE
A58: =TRIM('enrollments (5)'!A60) -> 675 | B58: =PROPER(TRIM('enrollments (5)'!B60)) -> Canceled | C58: 41954 | D58: 41959 | E58: =IF(D58="","",D58-C58) -> 5 | F58: FALSE | G58: =B58="canceled" -> TRUE
A59: =TRIM('enrollments (5)'!A61) -> 57 | B59: =PROPER(TRIM('enrollments (5)'!B61)) -> Canceled | C59: 41954 | D59: 42053 | E59: =IF(D59="","",D59-C59) -> 99 | F59: FALSE | G59: =B59="canceled" -> TRUE
A60: =TRIM('enrollments (5)'!A62) -> 57 | B60: =PROPER(TRIM('enrollments (5)'!B62)) -> Current | C60: 42130 | E60: =IF(D60="","",D60-C60) | F60: FALSE | G60: =B60="canceled" -> FALSE
A61: =TRIM('enrollments (5)'!A63) -> 1090 | B61: =PROPER(TRIM('enrollments (5)'!B63)) -> Canceled | C61: 41954 | D61: 41969 | E61: =IF(D61="","",D61-C61) -> 15 | F61: FALSE | G61: =B61="canceled" -> TRUE
A62: =TRIM('enrollments (5)'!A64) -> 541 | B62: =PROPER(TRIM('enrollments (5)'!B64)) -> Canceled | C62: 41955 | D62: 42174 | E62: =IF(D62="","",D62-C62) -> 219 | F62: FALSE | G62: =B62="canceled" -> TRUE
A63: =TRIM('enrollments (5)'!A65) -> 756 | B63: =PROPER(TRIM('enrollments (5)'!B65)) -> Canceled | C63: 41955 | D63: 41958 | E63: =IF(D63="","",D63-C63) -> 3 | F63: FALSE | G63: =B63="canceled" -> TRUE
A64: =TRIM('enrollments (5)'!A66) -> 756 | B64: =PROPER(TRIM('enrollments (5)'!B66)) -> Canceled | C64: 41958 | D64: 42019 | E64: =IF(D64="","",D64-C64) -> 61 | F64: FALSE | G64: =B64="canceled" -> TRUE
A65: =TRIM('enrollments (5)'!A67) -> 1219 | B65: =PROPER(TRIM('enrollments (5)'!B67)) -> Canceled | C65: 41955 | D65: 41955 | E65: =IF(D65="","",D65-C65) -> 0 | F65: FALSE | G65: =B65="canceled" -> TRUE
A66: =TRIM('enrollments (5)'!A68) -> 101 | B66: =PROPER(TRIM('enrollments (5)'!B68)) -> Canceled | C66: 41955 | D66: 42114 | E66: =IF(D66="","",D66-C66) -> 159 | F66: FALSE | G66: =B66="canceled" -> TRUE
A67: =TRIM('enrollments (5)'!A69) -> 1021 | B67: =PROPER(TRIM('enrollments (5)'!B69)) -> Canceled | C67: 41955 | D67: 41960 | E67: =IF(D67="","",D67-C67) -> 5 | F67: FALSE | G67: =B67="canceled" -> TRUE
A68: =TRIM('enrollments (5)'!A70) -> 1108 | B68: =PROPER(TRIM('enrollments (5)'!B70)) -> Canceled | C68: 41955 | D68: 41959 | E68: =IF(D68="","",D68-C68) -> 4 | F68: FALSE | G68: =B68="canceled" -> TRUE
A69: =TRIM('enrollments (5)'!A71) -> 800 | B69: =PROPER(TRIM('enrollments (5)'!B71)) -> Canceled | C69: 41955 | D69: 41957 | E69: =IF(D69="","",D69-C69) -> 2 | F69: FALSE | G69: =B69="canceled" -> TRUE
A70: =TRIM('enrollments (5)'!A72) -> 800 | B70: =PROPER(TRIM('enrollments (5)'!B72)) -> Canceled | C70: 42067 | D70: 42135 | E70: =IF(D70="","",D70-C70) -> 68 | F70: FALSE | G70: =B70="canceled" -> TRUE
A71: =TRIM('enrollments (5)'!A73) -> 702 | B71: =PROPER(TRIM('enrollments (5)'!B73)) -> Canceled | C71: 41956 | D71: 41958 | E71: =IF(D71="","",D71-C71) -> 2 | F71: FALSE | G71: =B71="canceled" -> TRUE
A72: =TRIM('enrollments (5)'!A74) -> 702 | B72: =PROPER(TRIM('enrollments (5)'!B74)) -> Canceled | C72: 41958 | D72: 42018 | E72: =IF(D72="","",D72-C72) -> 60 | F72: FALSE | G72: =B72="canceled" -> TRUE
A73: =TRIM('enrollments (5)'!A75) -> 702 | B73: =PROPER(TRIM('enrollments (5)'!B75)) -> Canceled | C73: 42018 | D73: 42073 | E73: =IF(D73="","",D73-C73) -> 55 | F73: FALSE | G73: =B73="canceled" -> TRUE
A74: =TRIM('enrollments (5)'!A76) -> 702 | B74: =PROPER(TRIM('enrollments (5)'!B76)) -> Current | C74: 42073 | E74: =IF(D74="","",D74-C74) | F74: FALSE | G74: =B74="canceled" -> FALSE
A75: =TRIM('enrollments (5)'!A77) -> 871 | B75: =PROPER(TRIM('enrollments (5)'!B77)) -> Canceled | C75: 41956 | D75: 41956 | E75: =IF(D75="","",D75-C75) -> 0 | F75: FALSE | G75: =B75="canceled" -> TRUE
A76: =TRIM('enrollments (5)'!A78) -> 38 | B76: =PROPER(TRIM('enrollments (5)'!B78)) -> Current | C76: 41957 | E76: =IF(D76="","",D76-C76) | F76: FALSE | G76: =B76="canceled" -> FALSE
A77: =TRIM('enrollments (5)'!A79) -> 215 | B77: =PROPER(TRIM('enrollments (5)'!B79)) -> Current | C77: 41957 | E77: =IF(D77="","",D77-C77) | F77: FALSE | G77: =B77="canceled" -> FALSE
A78: =TRIM('enrollments (5)'!A80) -> 744 | B78: =PROPER(TRIM('enrollments (5)'!B80)) -> Canceled | C78: 41957 | D78: 41994 | E78: =IF(D78="","",D78-C78) -> 37 | F78: FALSE | G78: =B78="canceled" -> TRUE
A79: =TRIM('enrollments (5)'!A81) -> 217 | B79: =PROPER(TRIM('enrollments (5)'!B81)) -> Canceled | C79: 41957 | D79: 41958 | E79: =IF(D79="","",D79-C79) -> 1 | F79: FALSE | G79: =B79="canceled" -> TRUE
A80: =TRIM('enrollments (5)'!A82) -> 217 | B80: =PROPER(TRIM('enrollments (5)'!B82)) -> Canceled | C80: 41958 | D80: 42073 | E80: =IF(D80="","",D80-C80) -> 115 | F80: FALSE | G80: =B80="canceled" -> TRUE
A81: =TRIM('enrollments (5)'!A83) -> 217 | B81: =PROPER(TRIM('enrollments (5)'!B83)) -> Current | C81: 42073 | E81: =IF(D81="","",D81-C81) | F81: FALSE | G81: =B81="canceled" -> FALSE
A82: =TRIM('enrollments (5)'!A84) -> 1221 | B82: =PROPER(TRIM('enrollments (5)'!B84)) -> Canceled | C82: 41957 | D82: 41964 | E82: =IF(D82="","",D82-C82) -> 7 | F82: FALSE | G82: =B82="canceled" -> TRUE
A83: =TRIM('enrollments (5)'!A85) -> 1211 | B83: =PROPER(TRIM('enrollments (5)'!B85)) -> Canceled | C83: 41957 | D83: 41958 | E83: =IF(D83="","",D83-C83) -> 1 | F83: FALSE | G83: =B83="canceled" -> TRUE
A84: =TRIM('enrollments (5)'!A86) -> 1211 | B84: =PROPER(TRIM('enrollments (5)'!B86)) -> Canceled | C84: 41958 | D84: 42019 | E84: =IF(D84="","",D84-C84) -> 61 | F84: FALSE | G84: =B84="canceled" -> TRUE
A85: =TRIM('enrollments (5)'!A87) -> 1211 | B85: =PROPER(TRIM('enrollments (5)'!B87)) -> Current | C85: 42069 | E85: =IF(D85="","",D85-C85) | F85: FALSE | G85: =B85="canceled" -> FALSE
A86: =TRIM('enrollments (5)'!A88) -> 1051 | B86: =PROPER(TRIM('enrollments (5)'!B88)) -> Canceled | C86: 41957 | D86: 41959 | E86: =IF(D86="","",D86-C86) -> 2 | F86: FALSE | G86: =B86="canceled" -> TRUE
A87: =TRIM('enrollments (5)'!A89) -> 1286 | B87: =PROPER(TRIM('enrollments (5)'!B89)) -> Canceled | C87: 41957 | D87: 41964 | E87: =IF(D87="","",D87-C87) -> 7 | F87: FALSE | G87: =B87="canceled" -> TRUE
A88: =TRIM('enrollments (5)'!A90) -> 53 | B88: =PROPER(TRIM('enrollments (5)'!B90)) -> Canceled | C88: 41957 | D88: 41994 | E88: =IF(D88="","",D88-C88) -> 37 | F88: FALSE | G88: =B88="canceled" -> TRUE
A89: =TRIM('enrollments (5)'!A91) -> 53 | B89: =PROPER(TRIM('enrollments (5)'!B91)) -> Current | C89: 42135 | E89: =IF(D89="","",D89-C89) | F89: FALSE | G89: =B89="canceled" -> FALSE
A90: =TRIM('enrollments (5)'!A92) -> 895 | B90: =PROPER(TRIM('enrollments (5)'!B92)) -> Canceled | C90: 41957 | D90: 41962 | E90: =IF(D90="","",D90-C90) -> 5 | F90: FALSE | G90: =B90="canceled" -> TRUE
A91: =TRIM('enrollments (5)'!A93) -> 895 | B91: =PROPER(TRIM('enrollments (5)'!B93)) -> Canceled | C91: 41954 | D91: 41954 | E91: =IF(D91="","",D91-C91) -> 0 | F91: FALSE | G91: =B91="canceled" -> TRUE
A92: =TRIM('enrollments (5)'!A94) -> 283 | B92: =PROPER(TRIM('enrollments (5)'!B94)) -> Current | C92: 41958 | E92: =IF(D92="","",D92-C92) | F92: FALSE | G92: =B92="canceled" -> FALSE
A93: =TRIM('enrollments (5)'!A95) -> 283 | B93: =PROPER(TRIM('enrollments (5)'!B95)) -> Canceled | C93: 41956 | D93: 41958 | E93: =IF(D93="","",D93-C93) -> 2 | F93: FALSE | G93: =B93="canceled" -> TRUE
A94: =TRIM('enrollments (5)'!A96) -> 338 | B94: =PROPER(TRIM('enrollments (5)'!B96)) -> Canceled | C94: 41958 | D94: 42018 | E94: =IF(D94="","",D94-C94) -> 60 | F94: FALSE | G94: =B94="canceled" -> TRUE
A95: =TRIM('enrollments (5)'!A97) -> 338 | B95: =PROPER(TRIM('enrollments (5)'!B97)) -> Canceled | C95: 42018 | D95: 42038 | E95: =IF(D95="","",D95-C95) -> 20 | F95: FALSE | G95: =B95="canceled" -> TRUE
A96: =TRIM('enrollments (5)'!A98) -> 338 | B96: =PROPER(TRIM('enrollments (5)'!B98)) -> Canceled | C96: 42038 | D96: 42057 | E96: =IF(D96="","",D96-C96) -> 19 | F96: FALSE | G96: =B96="canceled" -> TRUE
A97: =TRIM('enrollments (5)'!A99) -> 338 | B97: =PROPER(TRIM('enrollments (5)'!B99)) -> Current | C97: 42135 | E97: =IF(D97="","",D97-C97) | F97: FALSE | G97: =B97="canceled" -> FALSE
A98: =TRIM('enrollments (5)'!A100) -> 579 | B98: =PROPER(TRIM('enrollments (5)'!B100)) -> Current | C98: 41958 | E98: =IF(D98="","",D98-C98) | F98: FALSE | G98: =B98="canceled" -> FALSE
A99: =TRIM('enrollments (5)'!A101) -> 903 | B99: =PROPER(TRIM('enrollments (5)'!B101)) -> Canceled | C99: 41959 | D99: 41964 | E99: =IF(D99="","",D99-C99) -> 5 | F99: FALSE | G99: =B99="canceled" -> TRUE
A100: =TRIM('enrollments (5)'!A102) -> 627 | B100: =PROPER(TRIM('enrollments (5)'!B102)) -> Current | C100: 41959 | E100: =IF(D100="","",D100-C100) | F100: FALSE | G100: =B100="canceled" -> FALSE
...

Sheet PIVOT TABLE
A3: Count of Account_Key | B3: Column Labels
A4: Row Labels | B4: FALSE | C4: TRUE | D4: Grand Total
A5: Canceled | B5: 971 | C5: 13 | D5: 984
A6: Current | B6: 649 | C6: 3 | D6: 652
A7: Grand Total | B7: 1620 | C7: 16 | D7: 1636

Sheet ANALYSIS REPORT.
A3: DATA CLEANING & ANALYSIS REPORT
A5: Dataset: Enrollment Data
A6: Role: Junior Data Analyst
A7: Date: 23 September 2026
A9: 1. Objective
A11: The objective of this data-cleaning exercise was to inspect the enrollment dataset, identify data-quality issues, clean the data where necessary, and prepare the dataset for analysis using a PivotTable.
A13: 2. Data Overview
A15: The raw dataset contained 1,640 records and 7 columns.
A17: The columns were:
A19: Account_Key
A21: Status
A23: Join_Date
... A115: PivotTable Result
A117: Status | B117: FALSE | C117: TRUE | D117: Grand Total
A118: Canceled | B118: 971 | C118: 13 | D118: 984
A119: Current | B119: 649 | C119: 3 | D119: 652
A120: Grand Total | B120: 1620 | C120: 16 | D120: 1636
A122: Result Explanation
A124: The PivotTable shows that there are 984 Canceled enrollment records and 652 Current enrollment records.
A126: Of the Canceled records, 971 are non-Udacity and 13 are Udacity.
A128: Of the Current records, 649 are non-Udacity and 3 are Udacity.
A130: 7. Key Findings
A132: The cleaned dataset contains 1,636 enrollment records.
A134: 984 records are Canceled.
A135: 652 records are Current.
A136: 1,620 records are marked as non-Udacity (FALSE).
A137: 16 records are marked as Udacity (TRUE).
A139: Among the Canceled records:
A141: 971 are non-Udacity.
... A168: The cleaned dataset is now ready for further analysis and reporting.
